component,corpus_size,median_ms,ci_low_ms,ci_high_ms
state_vector,0,0.005499983672052622,0.005415990017354488,0.005794171011075378
scn_update,0,0.006249989382922649,0.006125017534941435,0.006549234967678787
retrieval_baseline,128,0.004542001988738775,0.004458008334040642,0.004793028347194195
retrieval_modulated,128,0.008541974239051342,0.008374976459890604,0.008960056584328413
retrieval_baseline,512,0.008750008419156075,0.008666014764457941,0.008875038474798203
retrieval_modulated,512,0.014833989553153515,0.014541961718350649,0.015499944856856018
retrieval_baseline,2048,0.08135451935231686,0.056734398822300136,0.11992641375400126
retrieval_modulated,2048,0.10135449701920152,0.07824063795851544,0.16195731150219225
